Workbook

Sheet Overview
A1: A Multilingual AI Assistant for Accessing Health, Housing, and Schooling Information
A2: 12-week plan. Week 1 starts Mon 05 Oct 2026; current week is 4 (highlighted). Task status lives on the Tasks sheet.
A4: Week | B4: Start | C4: End | D4: Theme | E4: Deliverable | F4: Done | G4: Tasks
A5: 1 | B5: 46300 | C5: 46306 | D5: Scope and research design | E5: Research question, objectives, scope (England), target languages, metrics, ethics pre-screen, repo | F5: =COUNTIFS(Tasks!$A:$A,A5,Tasks!$E:$E,"Done") | G5: =COUNTIF(Tasks!$A:$A,A5)
A6: 2 | B6: 46307 | C6: 46313 | D6: Literature and architecture | E6: Verified reading list, system architecture, tool and licence choices | F6: =COUNTIFS(Tasks!$A:$A,A6,Tasks!$E:$E,"Done") | G6: =COUNTIF(Tasks!$A:$A,A6)
A7: 3 | B7: 46314 | C7: 46320 | D7: Corpus collection | E7: 38 official pages ingested with raw snapshots and a data card | F7: =COUNTIFS(Tasks!$A:$A,A7,Tasks!$E:$E,"Done") | G7: =COUNTIF(Tasks!$A:$A,A7)
A8: 4 | B8: 46321 | C8: 46327 | D8: Chunking, index and retrieval baseline | E8: Section chunks, multilingual FAISS index, 150-query retrieval experiment, failure analysis | F8: =COUNTIFS(Tasks!$A:$A,A8,Tasks!$E:$E,"Done") | G8: =COUNTIF(Tasks!$A:$A,A8)
A9: 5 | B9: 46328 | C9: 46334 | D9: Translation layer and retrieval hardening | E9: Jurisdiction filter, language ID, translate-then-retrieve vs direct comparison, verified translations | F9: =COUNTIFS(Tasks!$A:$A,A9,Tasks!$E:$E,"Done") | G9: =COUNTIF(Tasks!$A:$A,A9)
A10: 6 | B10: 46335 | C10: 46341 | D10: Grounded answer generation | E10: LLM answers only from retrieved sources with numbered citations, plain-language style, refusal rule | F10: =COUNTIFS(Tasks!$A:$A,A10,Tasks!$E:$E,"Done") | G10: =COUNTIF(Tasks!$A:$A,A10)
A11: 7 | B11: 46342 | C11: 46348 | D11: Baseline and evaluation set | E11: Ungrounded LLM baseline, ~100-question gold set incl. unanswerable, scoring rubric, ethics approval | F11: =COUNTIFS(Tasks!$A:$A,A11,Tasks!$E:$E,"Done") | G11: =COUNTIF(Tasks!$A:$A,A11)
A12: 8 | B12: 46349 | C12: 46355 | D12: Accessible front-end | E12: Web prototype with language picker, right-to-left support, citation display; participants recruited | F12: =COUNTIFS(Tasks!$A:$A,A12,Tasks!$E:$E,"Done") | G12: =COUNTIF(Tasks!$A:$A,A12)
A13: 9 | B13: 46356 | C13: 46362 | D13: Evaluation runs and user study | E13: Grounded vs ungrounded scored; small user study run; corpus re-crawled to measure content drift | F13: =COUNTIFS(Tasks!$A:$A,A13,Tasks!$E:$E,"Done") | G13: =COUNTIF(Tasks!$A:$A,A13)
A14: 10 | B14: 46363 | C14: 46369 | D14: Analysis and results write-up | E14: Results and discussion chapters with tables, figures and failure cases | F14: =COUNTIFS(Tasks!$A:$A,A14,Tasks!$E:$E,"Done") | G14: =COUNTIF(Tasks!$A:$A,A14)
A15: 11 | B15: 46370 | C15: 46376 | D15: Full draft | E15: Introduction, literature review, method, ethics and limitations chapters; full draft to supervisor | F15: =COUNTIFS(Tasks!$A:$A,A15,Tasks!$E:$E,"Done") | G15: =COUNTIF(Tasks!$A:$A,A15)
A16: 12 | B16: 46377 | C16: 46383 | D16: Revision and submission | E16: Supervisor feedback applied, demo video, packaged artefact, final submission | F16: =COUNTIFS(Tasks!$A:$A,A16,Tasks!$E:$E,"Done") | G16: =COUNTIF(Tasks!$A:$A,A16)
E17: Total | F17: =SUM(F5:F16) | G17: =SUM(G5:G16)

Sheet Tasks
A1: Week | B1: ID | C1: Task | D1: Output / evidence | E1: Status
A2: 1 | B2: T01 | C2: Fix research question, aim, objectives and scope (England only; health, housing, schools) | D2: docs/project-scope.md | E2: Done
A3: 1 | B3: T02 | C3: Choose target languages from evidence (ONS Census 2021 main languages) | D3: docs/project-scope.md | E3: Done
A4: 1 | B4: T03 | C4: Define metrics: retrieval hit@k/MRR, answer accuracy, hallucination rate, citation correctness, comprehension | D4: docs/evaluation-plan.md | E4: Done
A5: 1 | B5: T04 | C5: Ethics pre-screen for the user study and draft application | D5: docs/ethics-notes.md | E5: In progress
A6: 1 | B6: T05 | C6: Project repo, Python environment, pinned requirements | D6: requirements.txt | E6: Done
A7: 2 | B7: T06 | C7: Reading list on RAG, multilingual embeddings, MT and RAG evaluation (all references verified on arXiv) | D7: docs/literature-notes.md | E7: Done
A8: 2 | B8: T07 | C8: Architecture: ingest > chunk > embed > index > retrieve > generate > translate > UI | D8: docs/architecture.md | E8: Done
A9: 2 | B9: T08 | C9: Tool selection with licences (e5 MIT, MiniLM Apache-2.0, FAISS MIT, NLLB CC-BY-NC-4.0) | D9: docs/architecture.md | E9: Done
A10: 2 | B10: T09 | C10: Source licensing check (Open Government Licence v3.0; nhs.uk reuse terms) | D10: docs/data-card.md | E10: Done
A11: 3 | B11: T10 | C11: Curate and live-validate source list: 26 GOV.UK + 12 NHS.uk pages | D11: src/sources.py | E11: Done
A12: 3 | B12: T11 | C12: Ingestion: GOV.UK Content API + NHS HTML, raw snapshots, fetch timestamp | D12: src/ingest.py | E12: Done
A13: 3 | B13: T12 | C13: Handle GOV.UK formats (guide, answer, local_transaction, transaction, detailed_guide) and NHS lead text | D13: src/ingest.py | E13: Done
... A21: 4 | B21: T20 | C21: Weekly progress report for supervisor | D21: docs/week-04-report.md | E21: Done
A22: 5 | B22: T21 | C22: Tag chunks by UK nation and filter to England by default | E22: Not started
A23: 5 | B23: T22 | C23: Native-speaker check of pl/ro/ar/ur test questions | E23: Not started
A24: 5 | B24: T23 | C24: Language identification of the user's question | E24: Not started
A25: 5 | B25: T24 | C25: NLLB query translation; compare translate-then-retrieve vs direct multilingual retrieval | E25: Not started
A26: 5 | B26: T25 | C26: Try a reranker on top-20 to close the page-vs-answer gap (hit@3 0.96 vs ans@3 0.67) | E26: Not started
A27: 6 | B27: T26 | C27: Choose LLM API (multilingual quality, cost, data handling) | E27: Not started
A28: 6 | B28: T27 | C28: Grounded prompt: answer only from sources, numbered citations with URLs, plain language | E28: Not started
A29: 6 | B29: T28 | C29: Refusal rule for low retrieval score and out-of-scope questions | E29: Not started
A30: 6 | B30: T29 | C30: Answer in user's language: LLM direct vs NLLB back-translation | E30: Not started
A31: 7 | B31: T30 | C31: Ungrounded baseline: same LLM, no retrieved sources | E31: Not started
A32: 7 | B32: T31 | C32: Gold set to ~100 questions with reference answers, incl. unanswerable ones | E32: Not started
A33: 7 | B33: T32 | C33: Scoring rubric for accuracy, hallucination, citation correctness; second rater on a sample | E33: Not started
... A45: 12 | B45: T44 | C45: Apply feedback, record demo video, package artefact, submit | E45: Not started

Sheet Week 4 results
A1: Retrieval experiment, 150 queries (30 questions x en/pl/ro/ar/ur)
A2: Source: results/retrieval_by_lang.csv. ans@3 = a top-3 chunk contains the verbatim answer phrase (strict lower bound).
A4: System | B4: Language | C4: hit@1 | D4: hit@3 | E4: MRR@10 | F4: ans@3
A5: bm25 | B5: ar | C5: 0.233 | D5: 0.3 | E5: 0.261 | F5: 0.1
A6: bm25 | B6: en | C6: 0.767 | D6: 0.967 | E6: 0.868 | F6: 0.7
A7: bm25 | B7: pl | C7: 0.133 | D7: 0.3 | E7: 0.206 | F7: 0.133
A8: bm25 | B8: ro | C8: 0.133 | D8: 0.133 | E8: 0.171 | F8: 0.1
A9: bm25 | B9: ur | C9: 0.233 | D9: 0.3 | E9: 0.261 | F9: 0.1
A10: e5_naive150 | B10: ar | C10: 0.733 | D10: 0.833 | E10: 0.805 | F10: 0.7
A11: e5_naive150 | B11: en | C11: 0.733 | D11: 0.933 | E11: 0.845 | F11: 0.733
A12: e5_naive150 | B12: pl | C12: 0.667 | D12: 0.933 | E12: 0.801 | F12: 0.6
A13: e5_naive150 | B13: ro | C13: 0.7 | D13: 0.867 | E13: 0.8 | F13: 0.567
A14: e5_naive150 | B14: ur | C14: 0.467 | D14: 0.767 | E14: 0.614 | F14: 0.567
A15: e5_sections | B15: ar | C15: 0.933 | D15: 0.967 | E15: 0.958 | F15: 0.733
A16: e5_sections | B16: en | C16: 0.867 | D16: 1 | E16: 0.933 | F16: 0.767
... A28: minilm_sections | B28: ALL | C28: 0.753 | D28: 0.94 | E28: 0.846 | F28: 0.673

Sheet Risks
A1: Risk | B1: Severity | C1: Evidence | D1: Mitigation
A2: Answer is correct for the wrong UK nation (Scotland/Wales/NI sections) | B2: High | C2: Seen in week 4 (school leaving age) | D2: Tag chunks by nation, filter to England, show jurisdiction in UI (T21)
A3: Official page changes after crawl (e.g. Renters' Rights Act from 1 May 2026) | B3: High | C3: public_updated_at did not reflect the 2026 changes | D3: Store fetch date, show it with every citation, re-crawl and measure drift (T39)
A4: Author-written translations bias the multilingual test set | B4: Medium | C4: All non-English queries unverified | D4: Native-speaker check before reporting final numbers (T22)
A5: Right page retrieved but not the answering section | B5: Medium | C5: hit@3 0.96 vs ans@3 0.67 | D5: Reranker, better chunking, graded relevance judgments (T25, T32)
A6: Ethics approval delays the user study | B6: Medium | C6: Study planned for week 9 | D6: Submit early; fall back to expert review if not approved
A7: NLLB licence is non-commercial | B7: Low | C7: CC-BY-NC-4.0 | D7: Acceptable for research; note in deployment recommendations
A8: Council-specific rules (admissions dates, housing) live on 300+ council sites | B8: Medium | C8: GOV.UK local_transaction pages only redirect | D8: Assistant points users to their council; optional single-council case study
